{
    "rmse": 0.6910617282401273,
    "mae": 0.5526290027112437,
    "r2": 0.2918386472834378
}